{
  "run_params": {
    "aprime_mass": {
      "1pt05": [15, 20, 30, 40, 50, 60, 70, 80, 90],
      "1pt1": [15, 20, 30, 40, 50, 60, 70, 80, 90, 100],
      "1pt92": [50, 75, 100],
      "2pt3": [15, 25, 50, 75, 100, 150, 200, 250],
      "4pt4": [15, 25, 50, 75, 100, 150, 200, 250, 300, 350, 400, 450, 500],
      "6pt6": [50, 100, 200, 300, 400, 500, 600]
    },
    "target_z": {
      "4pt4": 0.0004062,
      "6pt6": 0.000875
    },
    "beam_energy": {
      "1pt1": 1100.00,
      "1pt92": 1920.00,
      "1pt05": 1056.00,
      "2pt2": 2200.00,
      "2pt3": 2300.00,
      "4pt4": 4400.00,
      "6pt6": 6600.00
    },
    "num_electrons": {
      "1pt1": 625,
      "2pt3": 2500,
      "4pt4": 5000,
      "6pt6": 5625
    }
  }
}




